# CSV-Datei erstellt auf csv-zusammenfuehren.de,,,,,,,
# -----------------------------------------------------------,,,,,,,
,,,,,,,
PartipantID,TrialIndex,ChartName,Color,DataPointIndex,TrueValue,RecalledValue,Error
p2017-11-18.20-13-2,1,ScatterPlot,none,0,3.61354,3,-0.43725216
p2017-11-18.20-13-2,1,ScatterPlot,none,1,4.094988,4,-2.1845043
p2017-11-18.20-13-2,1,ScatterPlot,none,2,4.4992404,4.5,-2.9912596
p2017-11-18.20-13-2,1,ScatterPlot,none,3,4.582149,4.8,-1.5443457
p2017-11-18.20-13-2,1,ScatterPlot,none,4,4.669857,4.9,-1.4935278
p2017-11-18.20-23-11,1,ScatterPlot,none,0,4.5956755,4.6666665,-2.3511405
p2017-11-18.20-23-11,1,ScatterPlot,none,1,4.6399994,4.6666665,-2.7210197
p2017-11-18.20-23-11,1,ScatterPlot,none,2,4.6704555,4.6666665,-2.9569194
p2017-11-18.20-23-11,1,ScatterPlot,none,3,4.6908016,4.6666665,-2.7453082
p2017-11-18.20-23-11,1,ScatterPlot,none,4,4.7181363,4.6666665,-2.5025067
p2017-11-18.20-26-7,1,ScatterPlot,none,0,1.4539171,1.5,-2.5472329
p2017-11-18.20-26-7,1,ScatterPlot,none,1,2.9410267,3,-2.4424314
p2017-11-18.20-26-7,1,ScatterPlot,none,2,3.1609428,3.1,-2.4270685
p2017-11-18.20-26-7,1,ScatterPlot,none,3,4.5183854,4.5,-2.8020298
p2017-11-18.20-26-7,1,ScatterPlot,none,4,4.6530147,4.6,-2.4899313
p2017-11-18.20-6-58,0,ScatterPlot,none,0,1.2007729,1,-1.6180617
p2017-11-18.20-6-58,0,ScatterPlot,none,1,1.9885731,2,-2.8737996
p2017-11-18.20-6-58,0,ScatterPlot,none,2,3.5166142,3.5,-2.8199623
p2017-11-18.20-6-58,0,ScatterPlot,none,3,4.0183454,4,-2.8024328
p2017-11-18.20-6-58,0,ScatterPlot,none,4,4.5514607,5,-0.80203587
p2017-11-18.21-15-54,1,ScatterPlot,none,0,3.9475718,3.9,-2.5347326
p2017-11-18.21-15-54,1,ScatterPlot,none,1,4.4519753,4.2,-1.4074571
p2017-11-18.21-15-54,1,ScatterPlot,none,2,4.563041,4.3,-1.365719
p2017-11-18.21-15-54,1,ScatterPlot,none,3,4.682241,4.6,-2.2706182
p2017-11-18.21-15-54,1,ScatterPlot,none,4,4.728988,4.7,-2.6991067
p2017-11-19.14-33-45,2,ScatterPlot,none,0,2.4076228,2.5,-2.2017276
p2017-11-19.14-33-45,2,ScatterPlot,none,1,3.803399,3.9,-2.1739638
p2017-11-19.14-33-45,2,ScatterPlot,none,2,4.2948194,4.1,-1.6446705
p2017-11-19.14-33-45,2,ScatterPlot,none,3,4.3695703,4.3,-2.3616383
p2017-11-19.14-33-45,2,ScatterPlot,none,4,4.5575886,4.4,-1.8232254
p2017-11-19.19-36-5,2,ScatterPlot,none,0,1.7303813,1.7,-2.6861162
p2017-11-19.19-36-5,2,ScatterPlot,none,1,3.1407392,3.2,-2.4401786
p2017-11-19.19-36-5,2,ScatterPlot,none,2,3.9270682,3.8,-1.9881134
p2017-11-19.19-36-5,2,ScatterPlot,none,3,4.6111116,4.3,-1.1972313
p2017-11-19.19-36-5,2,ScatterPlot,none,4,4.6674304,4.5,-1.7738347
p2017-11-19.19-46-55,0,ScatterPlot,none,0,2.5654972,2.5,-2.3921585
p2017-11-19.19-46-55,0,ScatterPlot,none,1,3.6476185,3.5,-1.8750445
p2017-11-19.19-46-55,0,ScatterPlot,none,2,4.3551207,4.1,-1.3954703
p2017-11-19.19-46-55,0,ScatterPlot,none,3,4.5757723,4.2,-0.9977728
p2017-11-19.19-46-55,0,ScatterPlot,none,4,4.6282253,4.3,-1.1417001
p2017-11-19.20-27-28,2,ScatterPlot,none,0,2.6809194,2.8,-2.0345707
p2017-11-19.20-27-28,2,ScatterPlot,none,1,3.8103569,3.5,-1.1997297
p2017-11-19.20-27-28,2,ScatterPlot,none,2,4.4209614,4.5,-2.2930858
p2017-11-19.20-27-28,2,ScatterPlot,none,3,4.6008415,4.6,-2.990319
p2017-11-19.20-27-28,2,ScatterPlot,none,4,4.668544,4.75,-2.2760925
p2017-11-19.21-48-13,2,ScatterPlot,none,0,1.3163822,1,-1.1798997
p2017-11-19.21-48-13,2,ScatterPlot,none,1,4.0819573,4,-2.2725947
p2017-11-19.21-48-13,2,ScatterPlot,none,2,4.310421,4.1,-1.5759548
p2017-11-19.21-48-13,2,ScatterPlot,none,3,4.462693,4.5,-2.6232047
p2017-11-19.21-48-13,2,ScatterPlot,none,4,4.6027355,4.7,-2.169652
p2017-11-19.21-51-10,1,ScatterPlot,none,0,1.730953,1.8,-2.3655221
p2017-11-19.21-51-10,1,ScatterPlot,none,1,3.7355466,3.8,-2.4000852
p2017-11-19.21-51-10,1,ScatterPlot,none,2,4.328222,4,-1.1417109
p2017-11-19.21-51-10,1,ScatterPlot,none,3,4.4979267,4.1,-0.93531907
p2017-11-19.21-51-10,1,ScatterPlot,none,4,4.597972,4.2,-0.9351941
p2017-11-19.22-21-20,2,ScatterPlot,none,0,1.7586043,1.8,-2.5873103
p2017-11-19.22-21-20,2,ScatterPlot,none,1,4.3256426,4.3,-2.7308002
p2017-11-19.22-21-20,2,ScatterPlot,none,2,4.622643,4.5,-2.0136662
p2017-11-19.22-21-20,2,ScatterPlot,none,3,4.660571,4.51,-1.8595046
p2017-11-19.22-21-20,2,ScatterPlot,none,4,4.6911335,4.52,-1.7556802
p2017-11-18.20-13-2,2,RadarChart,none,0,13.88612,18,2.0836833
p2017-11-18.20-13-2,2,RadarChart,none,1,17.826351,15,1.5613756
p2017-11-18.20-13-2,2,RadarChart,none,2,11.4704895,12,-0.61151177
p2017-11-18.20-13-2,2,RadarChart,none,3,11.784191,12,-1.5529652
p2017-11-18.20-13-2,2,RadarChart,none,4,15.600721,16,-0.9315943
p2017-11-18.20-23-11,0,RadarChart,none,0,9.244002,9,-1.4382981
p2017-11-18.20-23-11,0,RadarChart,none,1,5.8880434,5,0.018695986
p2017-11-18.20-23-11,0,RadarChart,none,2,13.219342,14,-0.1429621
p2017-11-18.20-23-11,0,RadarChart,none,3,11.770129,0,3.572299
p2017-11-18.20-23-11,0,RadarChart,none,4,16.616697,0,4.065374
p2017-11-18.20-26-7,2,RadarChart,none,0,9.3140335,10,-0.3022858
p2017-11-18.20-26-7,2,RadarChart,none,1,6.66479,7,-1.1196362
p2017-11-18.20-26-7,2,RadarChart,none,2,8.799609,9,-1.6197547
p2017-11-18.20-26-7,2,RadarChart,none,3,6.4769487,7,-0.62582016
p2017-11-18.20-26-7,2,RadarChart,none,4,6.981037,7,-2.7962313
p2017-11-18.20-6-58,1,RadarChart,none,0,6.3769016,3,1.8081386
p2017-11-18.20-6-58,1,RadarChart,none,1,6.9770546,4,1.6332241
p2017-11-18.20-6-58,1,RadarChart,none,2,8.631128,6,1.4626431
p2017-11-18.20-6-58,1,RadarChart,none,3,12.261583,12,-1.3711487
p2017-11-18.20-6-58,1,RadarChart,none,4,6.8966107,5,1.0155053
p2017-11-18.21-15-54,2,RadarChart,none,0,7.0915604,8,0.047454126
p2017-11-18.21-15-54,2,RadarChart,none,1,9.362446,9,-1.0366862
p2017-11-18.21-15-54,2,RadarChart,none,2,5.3221774,5,-1.1610807
p2017-11-18.21-15-54,2,RadarChart,none,3,10.498547,13,1.393116
p2017-11-18.21-15-54,2,RadarChart,none,4,10.201345,11,-0.1145747
p2017-11-19.14-33-45,0,RadarChart,none,0,7.2002077,4,1.7334445
p2017-11-19.14-33-45,0,RadarChart,none,1,15.757036,16,-1.4423643
p2017-11-19.14-33-45,0,RadarChart,none,2,8.777694,8,-0.14769147
p2017-11-19.14-33-45,0,RadarChart,none,3,4.256591,12,2.976072
p2017-11-19.14-33-45,0,RadarChart,none,4,10.952633,8,1.6218212
p2017-11-19.19-36-5,0,RadarChart,none,0,10.807102,10,-0.101439945
p2017-11-19.19-36-5,0,RadarChart,none,1,11.547174,11,-0.57309234
p2017-11-19.19-36-5,0,RadarChart,none,2,12.075568,12,-2.3178353
p2017-11-19.19-36-5,0,RadarChart,none,3,4.2087097,4,-1.5833343
p2017-11-19.19-36-5,0,RadarChart,none,4,16.408108,26,3.2804952
p2017-11-19.19-46-55,2,RadarChart,none,0,13.2974,2,3.513794
p2017-11-19.19-46-55,2,RadarChart,none,1,4.2095165,1,1.7374775
p2017-11-19.19-46-55,2,RadarChart,none,2,8.084111,2,2.6343868
p2017-11-19.19-46-55,2,RadarChart,none,3,10.037338,3.5,2.7360287
p2017-11-19.19-46-55,2,RadarChart,none,4,2.9499016,4,0.23278159
p2017-11-19.20-27-28,1,RadarChart,none,0,7.710618,8,-1.2709669
p2017-11-19.20-27-28,1,RadarChart,none,1,7.972986,8,-2.717726
p2017-11-19.20-27-28,1,RadarChart,none,2,9.644743,10,-1.0581213
p2017-11-19.20-27-28,1,RadarChart,none,3,8.605403,12,1.8154104
p2017-11-19.20-27-28,1,RadarChart,none,4,13.639626,14,-1.04283
p2017-11-19.21-48-13,0,RadarChart,none,0,15.570878,10,2.5099182
p2017-11-19.21-48-13,0,RadarChart,none,1,14.172349,8,2.6547446
p2017-11-19.21-48-13,0,RadarChart,none,2,13.136048,6,2.8601778
p2017-11-19.21-48-13,0,RadarChart,none,3,11.62998,6,2.5248108
p2017-11-19.21-48-13,0,RadarChart,none,4,14.523907,4,3.4126334
p2017-11-19.21-51-10,0,RadarChart,none,0,7.082238,20,3.7051773
p2017-11-19.21-51-10,0,RadarChart,none,1,15.278112,18,1.5093856
p2017-11-19.21-51-10,0,RadarChart,none,2,16.043705,15,0.22491081
p2017-11-19.21-51-10,0,RadarChart,none,3,10.363206,10,-1.0344384
p2017-11-19.21-51-10,0,RadarChart,none,4,13.589486,6,2.94757
p2017-11-19.22-21-20,0,RadarChart,none,0,2.5985045,1,0.7853451
p2017-11-19.22-21-20,0,RadarChart,none,1,6.1195765,3,1.6980301
p2017-11-19.22-21-20,0,RadarChart,none,2,8.668451,4,2.2610648
p2017-11-19.22-21-20,0,RadarChart,none,3,8.712812,8,-0.25530082
p2017-11-19.22-21-20,0,RadarChart,none,4,11.5611315,12,-0.82656926
p2017-11-18.20-13-2,0,BarChart,none,0,41.053635,40,0.23711659
p2017-11-18.20-13-2,0,BarChart,none,1,62.433994,50,3.6506488
p2017-11-18.20-13-2,0,BarChart,none,2,80.52245,60,4.367892
p2017-11-18.20-13-2,0,BarChart,none,3,88.65414,85,1.9180566
p2017-11-18.20-13-2,0,BarChart,none,4,90.92827,90,0.074873164
p2017-11-18.20-23-11,2,BarChart,none,0,80.799034,80,-0.11398198
p2017-11-18.20-23-11,2,BarChart,none,1,86.27152,87,-0.228575
p2017-11-18.20-23-11,2,BarChart,none,2,88.69704,90,0.5139589
p2017-11-18.20-23-11,2,BarChart,none,3,92.62624,92,-0.4126473
p2017-11-18.20-23-11,2,BarChart,none,4,93.33112,95,0.8430807
p2017-11-18.20-26-7,0,BarChart,none,0,65.52139,66,-0.72831815
p2017-11-18.20-26-7,0,BarChart,none,1,73.49423,72,0.6953099
p2017-11-18.20-26-7,0,BarChart,none,2,87.30498,88,-0.28626445
p2017-11-18.20-26-7,0,BarChart,none,3,90.087776,90,-2.2325914
p2017-11-18.20-26-7,0,BarChart,none,4,93.013916,92,0.18766136
p2017-11-18.20-6-58,2,BarChart,none,0,44.6717,50,2.4471297
p2017-11-18.20-6-58,2,BarChart,none,1,53.6488,60,2.6951475
p2017-11-18.20-6-58,2,BarChart,none,2,81.91718,80,1.0301121
p2017-11-18.20-6-58,2,BarChart,none,3,87.53666,80,2.9376569
p2017-11-18.20-6-58,2,BarChart,none,4,91.284386,100,3.1441467
p2017-11-18.21-15-54,0,BarChart,none,0,62.75773,60,1.5274351
p2017-11-18.21-15-54,0,BarChart,none,1,75.18492,77,0.9561152
p2017-11-18.21-15-54,0,BarChart,none,2,88.93971,85,2.0231533
p2017-11-18.21-15-54,0,BarChart,none,3,92.270836,90,1.260529
p2017-11-18.21-15-54,0,BarChart,none,4,94.16373,92,1.1945453
p2017-11-19.14-33-45,1,BarChart,none,0,55.020775,59,2.0371099
p2017-11-19.14-33-45,1,BarChart,none,1,73.45116,78,2.2246094
p2017-11-19.14-33-45,1,BarChart,none,2,76.57305,80,1.8286107
p2017-11-19.14-33-45,1,BarChart,none,3,85.938095,84,1.0448103
p2017-11-19.14-33-45,1,BarChart,none,4,87.241646,87,-1.447541
p2017-11-19.19-36-5,1,BarChart,none,0,19.595066,20,-0.91611564
p2017-11-19.19-36-5,1,BarChart,none,1,53.79944,55,0.4066036
p2017-11-19.19-36-5,1,BarChart,none,2,69.35272,75,2.5291407
p2017-11-19.19-36-5,1,BarChart,none,3,83.34395,85,0.83272934
p2017-11-19.19-36-5,1,BarChart,none,4,88.70815,90,0.50268424
p2017-11-19.19-46-55,1,BarChart,none,0,58.78422,60,0.42307073
p2017-11-19.19-46-55,1,BarChart,none,1,64.10174,65,0.03317562
p2017-11-19.19-46-55,1,BarChart,none,2,78.57354,80,0.63362676
p2017-11-19.19-46-55,1,BarChart,none,3,87.2761,90,1.510405
p2017-11-19.19-46-55,1,BarChart,none,4,90.87307,95,2.0881178
p2017-11-19.20-27-28,0,BarChart,none,0,48.492958,50,0.70667815
p2017-11-19.20-27-28,0,BarChart,none,1,77.0532,78,0.10003603
p2017-11-19.20-27-28,0,BarChart,none,2,83.8333,85,0.36927357
p2017-11-19.20-27-28,0,BarChart,none,3,91.06051,90,0.24550629
p2017-11-19.20-27-28,0,BarChart,none,4,91.88877,95,1.6943138
p2017-11-19.21-48-13,1,BarChart,none,0,66.01147,60,2.6174083
p2017-11-19.21-48-13,1,BarChart,none,1,82.36241,65,4.128245
p2017-11-19.21-48-13,1,BarChart,none,2,87.07175,70,4.1040635
p2017-11-19.21-48-13,1,BarChart,none,3,90.829346,75,3.9958775
p2017-11-19.21-48-13,1,BarChart,none,4,92.84397,80,3.696992
p2017-11-19.21-51-10,2,BarChart,none,0,68.74615,70,0.4634685
p2017-11-19.21-51-10,2,BarChart,none,1,90.7475,94,1.7559568
p2017-11-19.21-51-10,2,BarChart,none,2,90.97656,94,1.6546359
p2017-11-19.21-51-10,2,BarChart,none,3,94.13158,96,0.9952482
p2017-11-19.21-51-10,2,BarChart,none,4,94.99281,97,1.0923339
p2017-11-19.22-21-20,1,BarChart,none,0,63.599133,63,-0.46567434
p2017-11-19.22-21-20,1,BarChart,none,1,68.18944,70,0.9527526
p2017-11-19.22-21-20,1,BarChart,none,2,75.87438,78,1.1703212
p2017-11-19.22-21-20,1,BarChart,none,3,88.43952,93,2.2281961
p2017-11-19.22-21-20,1,BarChart,none,4,93.16792,98,2.3094897
p2017-11-18.18-59-0,1,ScatterPlot,opposite,0,4.0692167,4.1,-2.6823885
p2017-11-18.18-59-0,1,ScatterPlot,opposite,1,4.4344163,4.4,-2.6491299
p2017-11-18.18-59-0,1,ScatterPlot,opposite,2,4.6339626,4.6,-2.6532397
p2017-11-18.18-59-0,1,ScatterPlot,opposite,3,4.7015295,4.7,-2.9824522
p2017-11-18.18-59-0,1,ScatterPlot,opposite,4,4.729231,4.8,-2.3527734
p2017-11-18.19-58-7,1,ScatterPlot,opposite,0,3.1231701,3,-2.0105987
p2017-11-18.19-58-7,1,ScatterPlot,opposite,1,4.0982766,4,-2.163096
p2017-11-18.19-58-7,1,ScatterPlot,opposite,2,4.406632,4.2,-1.5923442
p2017-11-18.19-58-7,1,ScatterPlot,opposite,3,4.5712943,4.3,-1.3353566
p2017-11-18.19-58-7,1,ScatterPlot,opposite,4,4.600497,4.35,-1.4131273
p2017-11-18.20-2-54,0,ScatterPlot,opposite,0,3.609778,3.5,-2.0906312
p2017-11-18.20-2-54,0,ScatterPlot,opposite,1,4.407582,4.25,-1.8232595
p2017-11-18.20-2-54,0,ScatterPlot,opposite,2,4.6059284,4.3,-1.2144805
p2017-11-18.20-2-54,0,ScatterPlot,opposite,3,4.7103767,4.35,-1.0428228
p2017-11-18.20-2-54,0,ScatterPlot,opposite,4,4.7445354,4.45,-1.2531347
p2017-11-19.14-38-58,2,ScatterPlot,opposite,0,4.514118,4.5,-2.845617
p2017-11-19.14-38-58,2,ScatterPlot,opposite,1,4.6468825,4.6,-2.5405042
p2017-11-19.14-38-58,2,ScatterPlot,opposite,2,4.6963115,4.7,-2.958047
p2017-11-19.14-38-58,2,ScatterPlot,opposite,3,4.718865,4.8,-2.2783368
p2017-11-19.14-38-58,2,ScatterPlot,opposite,4,4.734865,4.8,-2.394904
p2017-11-19.19-39-42,2,ScatterPlot,opposite,0,3.0879033,3,-2.2317302
p2017-11-19.19-39-42,2,ScatterPlot,opposite,1,3.823798,3.8,-2.748573
p2017-11-19.19-39-42,2,ScatterPlot,opposite,2,4.396766,4.2,-1.6359144
p2017-11-19.19-39-42,2,ScatterPlot,opposite,3,4.4499836,4.4,-2.5147092
p2017-11-19.19-39-42,2,ScatterPlot,opposite,4,4.728856,4.7,-2.7003448
p2017-11-19.20-19-7,1,ScatterPlot,opposite,0,3.5323434,3.5,-2.6680117
p2017-11-19.20-19-7,1,ScatterPlot,opposite,1,4.5568767,4.5,-2.4589677
p2017-11-19.20-19-7,1,ScatterPlot,opposite,2,4.6113477,4.6,-2.8746371
p2017-11-19.20-19-7,1,ScatterPlot,opposite,3,4.721982,4.7,-2.7662868
p2017-11-19.20-19-7,1,ScatterPlot,opposite,4,4.724578,4.7,-2.7410293
p2017-11-19.20-31-44,0,ScatterPlot,opposite,0,2.7119782,2.8,-2.2309272
p2017-11-19.20-31-44,0,ScatterPlot,opposite,1,3.6176312,3.7,-2.269729
p2017-11-19.20-31-44,0,ScatterPlot,opposite,2,4.0717435,4,-2.3456123
p2017-11-19.20-31-44,0,ScatterPlot,opposite,3,4.5938787,4.5,-2.1917963
p2017-11-19.20-31-44,0,ScatterPlot,opposite,4,4.659514,4.55,-2.0922554
p2017-11-19.21-19-13,0,ScatterPlot,opposite,0,2.561203,3,-0.8267523
p2017-11-19.21-19-13,0,ScatterPlot,opposite,1,3.9314728,4,-2.3693914
p2017-11-19.21-19-13,0,ScatterPlot,opposite,2,4.1465883,4.5,-1.0636754
p2017-11-19.21-19-13,0,ScatterPlot,opposite,3,4.5857577,5,-0.8909945
p2017-11-19.21-19-13,0,ScatterPlot,opposite,4,4.718104,12,2.888869
p2017-11-19.21-23-56,0,ScatterPlot,opposite,0,2.139347,2.1,-2.6051815
p2017-11-19.21-23-56,0,ScatterPlot,opposite,1,3.2555964,3.3,-2.561464
p2017-11-19.21-23-56,0,ScatterPlot,opposite,2,3.9846978,3.9,-2.253617
p2017-11-19.21-23-56,0,ScatterPlot,opposite,3,4.2452173,4,-1.4335557
p2017-11-19.21-23-56,0,ScatterPlot,opposite,4,4.5745144,4.5,-2.3254354
p2017-11-19.21-39-43,1,ScatterPlot,opposite,0,1.315322,1.2,-2.0569594
p2017-11-19.21-39-43,1,ScatterPlot,opposite,1,3.510101,2.5,0.18282078
p2017-11-19.21-39-43,1,ScatterPlot,opposite,2,4.057359,3,0.2416684
p2017-11-19.21-39-43,1,ScatterPlot,opposite,3,4.3487387,3.4,0.10264278
p2017-11-19.21-39-43,1,ScatterPlot,opposite,4,4.637356,3.7,0.08726697
p2017-11-18.18-59-0,2,RadarChart,opposite,0,5.0472,5,-2.537841
p2017-11-18.18-59-0,2,RadarChart,opposite,1,9.645795,10,-1.0612848
p2017-11-18.18-59-0,2,RadarChart,opposite,2,16.6527,17,-1.0822258
p2017-11-18.18-59-0,2,RadarChart,opposite,3,5.9956846,8,1.0903896
p2017-11-18.18-59-0,2,RadarChart,opposite,4,15.897583,12,2.0081222
p2017-11-18.19-58-7,2,RadarChart,opposite,0,8.303246,8,-1.2234898
p2017-11-18.19-58-7,2,RadarChart,opposite,1,6.7756615,7,-1.5173023
p2017-11-18.19-58-7,2,RadarChart,opposite,2,13.553167,13,-0.5602868
p2017-11-18.19-58-7,2,RadarChart,opposite,3,15.043638,15,-2.5679965
p2017-11-18.19-58-7,2,RadarChart,opposite,4,9.144846,9,-1.889792
p2017-11-18.20-2-54,1,RadarChart,opposite,0,6.0781283,6,-2.2995365
p2017-11-18.20-2-54,1,RadarChart,opposite,1,6.8147993,7,-1.6887262
p2017-11-18.20-2-54,1,RadarChart,opposite,2,6.631413,7,-1.0186237
p2017-11-18.20-2-54,1,RadarChart,opposite,3,4.7016506,5,-1.2400794
p2017-11-18.20-2-54,1,RadarChart,opposite,4,7.3901343,7.5,-2.0900922
p2017-11-19.14-38-58,1,RadarChart,opposite,0,14.503909,15,-0.6871237
p2017-11-19.14-38-58,1,RadarChart,opposite,1,14.333682,15,-0.33767062
p2017-11-19.14-38-58,1,RadarChart,opposite,2,8.023916,8,-2.747427
p2017-11-19.14-38-58,1,RadarChart,opposite,3,13.198276,14,-0.10978768
p2017-11-19.14-38-58,1,RadarChart,opposite,4,5.955429,6,-2.5600393
p2017-11-19.19-39-42,1,RadarChart,opposite,0,7.450707,4,1.8382285
p2017-11-19.19-39-42,1,RadarChart,opposite,1,4.1900477,2,1.2110419
p2017-11-19.19-39-42,1,RadarChart,opposite,2,8.0506115,3,2.3717294
p2017-11-19.19-39-42,1,RadarChart,opposite,3,4.159725,5,-0.05098836
p2017-11-19.19-39-42,1,RadarChart,opposite,4,16.452927,8,3.100629
p2017-11-19.20-19-7,2,RadarChart,opposite,0,15.169212,16,-0.065237954
p2017-11-19.20-19-7,2,RadarChart,opposite,1,8.939036,9,-2.4269075
p2017-11-19.20-19-7,2,RadarChart,opposite,2,9.825504,7,1.5609615
p2017-11-19.20-19-7,2,RadarChart,opposite,3,7.128074,7,-1.9823679
p2017-11-19.20-19-7,2,RadarChart,opposite,4,6.6707335,10,1.7883794
p2017-11-19.20-31-44,2,RadarChart,opposite,0,16.016188,16,-2.824314
p2017-11-19.20-31-44,2,RadarChart,opposite,1,11.480855,4,2.9271102
p2017-11-19.20-31-44,2,RadarChart,opposite,2,5.1287603,9,1.998643
p2017-11-19.20-31-44,2,RadarChart,opposite,3,9.503309,8,0.70337474
p2017-11-19.20-31-44,2,RadarChart,opposite,4,11.359064,12,-0.3847044
p2017-11-19.21-19-13,1,RadarChart,opposite,0,13.027867,12,0.20522648
p2017-11-19.21-19-13,1,RadarChart,opposite,1,2.3536158,2,-1.0630602
p2017-11-19.21-19-13,1,RadarChart,opposite,2,12.192995,12,-1.6529237
p2017-11-19.21-19-13,1,RadarChart,opposite,3,11.836462,12,-1.7931668
p2017-11-19.21-19-13,1,RadarChart,opposite,4,11.7467575,12,-1.4026166
p2017-11-19.21-23-56,1,RadarChart,opposite,0,15.554676,10,2.5058088
p2017-11-19.21-23-56,1,RadarChart,opposite,1,17.41825,10,2.9151862
p2017-11-19.21-23-56,1,RadarChart,opposite,2,9.336818,10,-0.3433988
p2017-11-19.21-23-56,1,RadarChart,opposite,3,14.303272,10,2.1467438
p2017-11-19.21-23-56,1,RadarChart,opposite,4,11.240681,10,0.44962022
p2017-11-19.21-39-43,2,RadarChart,opposite,0,7.1720834,6,0.37527123
p2017-11-19.21-39-43,2,RadarChart,opposite,1,6.100484,8,1.0175772
p2017-11-19.21-39-43,2,RadarChart,opposite,2,3.162622,5,0.97260296
p2017-11-19.21-39-43,2,RadarChart,opposite,3,9.416947,4,2.470393
p2017-11-19.21-39-43,2,RadarChart,opposite,4,10.055834,3,2.8441515
p2017-11-18.18-59-0,0,BarChart,opposite,0,29.056946,29,-2.4584193
p2017-11-18.18-59-0,0,BarChart,opposite,1,65.471886,68,1.4076868
p2017-11-18.18-59-0,0,BarChart,opposite,2,80.35825,81,-0.38317838
p2017-11-18.18-59-0,0,BarChart,opposite,3,82.99755,82,0.16678095
p2017-11-18.18-59-0,0,BarChart,opposite,4,87.005905,85,1.0914664
p2017-11-18.19-58-7,0,BarChart,opposite,0,41.662598,40,0.8380221
p2017-11-18.19-58-7,0,BarChart,opposite,1,50.221054,60,3.3080034
p2017-11-18.19-58-7,0,BarChart,opposite,2,68.794754,70,0.411693
p2017-11-18.19-58-7,0,BarChart,opposite,3,84.71454,85,-1.2846814
p2017-11-18.19-58-7,0,BarChart,opposite,4,90.554985,90,-0.55642503
p2017-11-18.20-2-54,2,BarChart,opposite,0,52.704613,55,1.2752379
p2017-11-18.20-2-54,2,BarChart,opposite,1,69.965,70,-2.6438231
p2017-11-18.20-2-54,2,BarChart,opposite,2,82.26549,85,1.5157691
p2017-11-18.20-2-54,2,BarChart,opposite,3,90.5951,87,1.8953415
p2017-11-18.20-2-54,2,BarChart,opposite,4,93.558105,90,1.8809227
p2017-11-19.14-38-58,0,BarChart,opposite,0,81.56764,80,0.7592771
p2017-11-19.14-38-58,0,BarChart,opposite,1,90.380165,90,-0.9851731
p2017-11-19.14-38-58,0,BarChart,opposite,2,91.94741,92,-2.4933825
p2017-11-19.14-38-58,0,BarChart,opposite,3,93.239334,93,-1.456666
p2017-11-19.14-38-58,0,BarChart,opposite,4,93.87946,95,0.31676763
p2017-11-19.19-39-42,0,BarChart,opposite,0,59.603382,60,-0.93893474
p2017-11-19.19-39-42,0,BarChart,opposite,1,92.508606,90,1.3970395
p2017-11-19.19-39-42,0,BarChart,opposite,2,93.184204,90.25,1.6131563
p2017-11-19.19-39-42,0,BarChart,opposite,3,93.62632,90.5,1.7010255
p2017-11-19.19-39-42,0,BarChart,opposite,4,94.03411,91,1.6595186
p2017-11-19.20-19-7,0,BarChart,opposite,0,79.105286,80,0.028165078
p2017-11-19.20-19-7,0,BarChart,opposite,1,92.34449,90,1.3042132
p2017-11-19.20-19-7,0,BarChart,opposite,2,93.263824,92,0.47386426
p2017-11-19.20-19-7,0,BarChart,opposite,3,94.256065,93,0.4657816
p2017-11-19.20-19-7,0,BarChart,opposite,4,94.6033,95,-0.9387132
p2017-11-19.20-31-44,1,BarChart,opposite,0,43.26954,43,-1.3417606
p2017-11-19.20-31-44,1,BarChart,opposite,1,86.38819,90,1.9018067
p2017-11-19.20-31-44,1,BarChart,opposite,2,89.52454,91,0.6784832
p2017-11-19.20-31-44,1,BarChart,opposite,3,91.08272,92,0.05974581
p2017-11-19.20-31-44,1,BarChart,opposite,4,92.73571,93,-1.3610834
p2017-11-19.21-19-13,2,BarChart,opposite,0,45.566116,45,-0.5329995
p2017-11-19.21-19-13,2,BarChart,opposite,1,62.474518,62,-0.73812544
p2017-11-19.21-19-13,2,BarChart,opposite,2,83.62978,82,0.8112931
p2017-11-19.21-19-13,2,BarChart,opposite,3,88.082825,85,1.6815953
p2017-11-19.21-19-13,2,BarChart,opposite,4,93.5105,87,2.7302048
p2017-11-19.21-23-56,2,BarChart,opposite,0,46.868946,44,1.5820483
p2017-11-19.21-23-56,2,BarChart,opposite,1,82.507,81,0.7066444
p2017-11-19.21-23-56,2,BarChart,opposite,2,92.14152,85,2.8612642
p2017-11-19.21-23-56,2,BarChart,opposite,3,93.92903,90,2.0193572
p2017-11-19.21-23-56,2,BarChart,opposite,4,94.65262,90,2.2562916
p2017-11-19.21-39-43,0,BarChart,opposite,0,57.93643,60,1.1299874
p2017-11-19.21-39-43,0,BarChart,opposite,1,76.13298,80,1.9971188
p2017-11-19.21-39-43,0,BarChart,opposite,2,93.977455,100,2.6200104
p2017-11-19.21-39-43,0,BarChart,opposite,3,94.59316,100,2.4677587
p2017-11-19.21-39-43,0,BarChart,opposite,4,94.836044,100,2.402983
p2017-11-18.18-50-54,1,ScatterPlot,themed,0,3.4067764,3.4,-2.9238367
p2017-11-18.18-50-54,1,ScatterPlot,themed,1,4.4048142,4.4,-2.9454806
p2017-11-18.18-50-54,1,ScatterPlot,themed,2,4.6703153,4.7,-2.692599
p2017-11-18.18-50-54,1,ScatterPlot,themed,3,4.742599,4.8,-2.454813
p2017-11-18.18-50-54,1,ScatterPlot,themed,4,4.745164,4.8,-2.475244
p2017-11-18.19-50-32,2,ScatterPlot,themed,0,3.512127,2,0.7111662
p2017-11-18.19-50-32,2,ScatterPlot,themed,1,3.722567,3,-0.23860054
p2017-11-18.19-50-32,2,ScatterPlot,themed,2,4.6297,4.5,-1.9731281
p2017-11-18.19-50-32,2,ScatterPlot,themed,3,4.721081,4.6,-2.0227957
p2017-11-18.19-50-32,2,ScatterPlot,themed,4,4.7427244,4.8,-2.4558053
p2017-11-18.19-53-53,0,ScatterPlot,themed,0,2.5506103,2.5,-2.5095506
p2017-11-18.19-53-53,0,ScatterPlot,themed,1,3.4331565,3,-0.84125847
p2017-11-18.19-53-53,0,ScatterPlot,themed,2,3.7980509,3.2,-0.46783105
p2017-11-18.19-53-53,0,ScatterPlot,themed,3,3.898157,3.5,-0.93468446
p2017-11-18.19-53-53,0,ScatterPlot,themed,4,4.159342,4,-1.8143018
p2017-11-19.14-42-59,2,ScatterPlot,themed,0,2.7324498,2.7,-2.667037
p2017-11-19.14-42-59,2,ScatterPlot,themed,1,2.9277763,2.8,-1.9840664
p2017-11-19.14-42-59,2,ScatterPlot,themed,2,4.2930465,4.2,-2.1972911
p2017-11-19.14-42-59,2,ScatterPlot,themed,3,4.6281786,4.4,-1.5015306
p2017-11-19.14-42-59,2,ScatterPlot,themed,4,4.720001,4.5,-1.5353266
p2017-11-19.19-43-30,2,ScatterPlot,themed,0,1.9632578,2,-2.6282318
p2017-11-19.19-43-30,2,ScatterPlot,themed,1,3.5450888,3.55,-2.9444025
p2017-11-19.19-43-30,2,ScatterPlot,themed,2,4.415836,4.45,-2.6514144
p2017-11-19.19-43-30,2,ScatterPlot,themed,3,4.533513,4.5,-2.6573262
p2017-11-19.19-43-30,2,ScatterPlot,themed,4,4.6525297,4.55,-2.1358743
p2017-11-19.20-23-28,2,ScatterPlot,themed,0,2.8642483,3,-1.9392513
p2017-11-19.20-23-28,2,ScatterPlot,themed,1,3.523103,3.5,-2.7553272
p2017-11-19.20-23-28,2,ScatterPlot,themed,2,4.5773597,4.4,-1.7256627
p2017-11-19.20-23-28,2,ScatterPlot,themed,3,4.655473,4.5,-1.834065
p2017-11-19.20-23-28,2,ScatterPlot,themed,4,4.7175117,4.6,-2.0438735
p2017-11-19.21-54-27,1,ScatterPlot,themed,0,3.4243512,3,-0.86419934
p2017-11-19.21-54-27,1,ScatterPlot,themed,1,3.6967394,3,-0.28324708
p2017-11-19.21-54-27,1,ScatterPlot,themed,2,4.000945,4,-2.9891331
p2017-11-19.21-54-27,1,ScatterPlot,themed,3,4.3244295,4,-1.1538333
p2017-11-19.21-54-27,1,ScatterPlot,themed,4,4.506383,5,-0.69288146
p2017-11-19.22-17-9,2,ScatterPlot,themed,0,1.7772706,1.8,-2.7589712
p2017-11-19.22-17-9,2,ScatterPlot,themed,1,2.6405501,2.5,-1.9129437
p2017-11-19.22-17-9,2,ScatterPlot,themed,2,3.3365664,3.5,-1.7936891
p2017-11-19.22-17-9,2,ScatterPlot,themed,3,3.6754122,4,-1.1533251
p2017-11-19.22-17-9,2,ScatterPlot,themed,4,4.220913,4.5,-1.3072618
p2017-11-19.22-2-33,2,ScatterPlot,themed,0,1.8938754,2,-2.113257
p2017-11-19.22-2-33,2,ScatterPlot,themed,1,3.3313715,3.5,-1.7679362
p2017-11-19.22-2-33,2,ScatterPlot,themed,2,4.4199014,4.2,-1.5357435
p2017-11-19.22-2-33,2,ScatterPlot,themed,3,4.585286,4.4,-1.6883292
p2017-11-19.22-2-33,2,ScatterPlot,themed,4,4.6731677,4.5,-1.7458042
p2017-11-20.16-4-1,0,ScatterPlot,themed,0,1.0965157,1.1,-2.9603353
p2017-11-20.16-4-1,0,ScatterPlot,themed,1,3.910233,3.1,-0.096602075
p2017-11-20.16-4-1,0,ScatterPlot,themed,2,4.411952,3.9,-0.6507436
p2017-11-20.16-4-1,0,ScatterPlot,themed,3,4.592857,4.5,-2.1985474
p2017-11-20.16-4-1,0,ScatterPlot,themed,4,4.7343416,4.9,-1.7826031
p2017-11-18.18-50-54,2,RadarChart,themed,0,9.416902,9,-0.8838972
p2017-11-18.18-50-54,2,RadarChart,themed,1,5.1871448,6,-0.09256284
p2017-11-18.18-50-54,2,RadarChart,themed,2,10.629973,11,-1.014422
p2017-11-18.18-50-54,2,RadarChart,themed,3,6.978698,8,0.19698747
p2017-11-18.18-50-54,2,RadarChart,themed,4,8.760261,10,0.4486255
p2017-11-18.19-50-32,0,RadarChart,themed,0,13.85704,8,2.5806377
p2017-11-18.19-50-32,0,RadarChart,themed,1,12.808747,6,2.7936354
p2017-11-18.19-50-32,0,RadarChart,themed,2,15.090895,8,2.8511782
p2017-11-18.19-50-32,0,RadarChart,themed,3,9.389449,10,-0.44310293
p2017-11-18.19-50-32,0,RadarChart,themed,4,9.270456,15,2.5495567
p2017-11-18.19-53-53,2,RadarChart,themed,0,6.905282,12,2.383972
p2017-11-18.19-53-53,2,RadarChart,themed,1,11.915377,8,2.0144897
p2017-11-18.19-53-53,2,RadarChart,themed,2,15.573377,4,3.5482364
p2017-11-18.19-53-53,2,RadarChart,themed,3,10.48399,10,-0.7155102
p2017-11-18.19-53-53,2,RadarChart,themed,4,14.914727,6,3.176279
p2017-11-19.14-42-59,1,RadarChart,themed,0,9.480883,10,-0.6346045
p2017-11-19.14-42-59,1,RadarChart,themed,1,8.937598,9,-2.4157934
p2017-11-19.14-42-59,1,RadarChart,themed,2,6.7648945,7,-1.4735085
p2017-11-19.14-42-59,1,RadarChart,themed,3,2.6691227,3,-1.1332825
p2017-11-19.14-42-59,1,RadarChart,themed,4,7.1677237,7,-1.7723887
p2017-11-19.19-43-30,1,RadarChart,themed,0,13.717955,13,-0.2464731
p2017-11-19.19-43-30,1,RadarChart,themed,1,4.930222,5,-2.3600976
p2017-11-19.19-43-30,1,RadarChart,themed,2,4.815493,5,-1.6919565
p2017-11-19.19-43-30,1,RadarChart,themed,3,9.614775,10,-0.97079366
p2017-11-19.19-43-30,1,RadarChart,themed,4,11.703249,12,-1.2455366
p2017-11-19.20-23-28,1,RadarChart,themed,0,18.03293,18,-2.6626394
p2017-11-19.20-23-28,1,RadarChart,themed,1,3.321733,4,-0.31604847
p2017-11-19.20-23-28,1,RadarChart,themed,2,8.2662115,8,-1.3539792
p2017-11-19.20-23-28,1,RadarChart,themed,3,13.573865,14,-0.85952216
p2017-11-19.20-23-28,1,RadarChart,themed,4,8.3629,8,-1.0353433
p2017-11-19.21-54-27,0,RadarChart,themed,0,8.657595,10,0.5532674
p2017-11-19.21-54-27,0,RadarChart,themed,1,10.832113,15,2.101948
p2017-11-19.21-54-27,0,RadarChart,themed,2,10.532774,8,1.4102185
p2017-11-19.21-54-27,0,RadarChart,themed,3,8.820055,18,3.2179976
p2017-11-19.21-54-27,0,RadarChart,themed,4,9.523491,8,0.7211459
p2017-11-19.22-17-9,1,RadarChart,themed,0,3.6632962,10,2.6919146
p2017-11-19.22-17-9,1,RadarChart,themed,1,11.430221,20,3.1201494
p2017-11-19.22-17-9,1,RadarChart,themed,2,10.562983,10,-0.5395561
p2017-11-19.22-17-9,1,RadarChart,themed,3,7.13894,10,1.5782431
p2017-11-19.22-17-9,1,RadarChart,themed,4,3.8604712,10,2.647206
p2017-11-19.22-2-33,1,RadarChart,themed,0,13.602074,10,1.8980434
p2017-11-19.22-2-33,1,RadarChart,themed,1,10.874051,8,1.584506
p2017-11-19.22-2-33,1,RadarChart,themed,2,15.912722,8,3.0067863
p2017-11-19.22-2-33,1,RadarChart,themed,3,4.2167406,16,3.5738907
p2017-11-19.22-2-33,1,RadarChart,themed,4,14.584664,14,-0.4947913
p2017-11-20.16-4-1,1,RadarChart,themed,0,9.023362,9,-2.7528048
p2017-11-20.16-4-1,1,RadarChart,themed,1,16.853878,18,0.34610248
p2017-11-20.16-4-1,1,RadarChart,themed,2,2.760241,3,-1.4549845
p2017-11-20.16-4-1,1,RadarChart,themed,3,3.2837896,4,-0.24946146
p2017-11-20.16-4-1,1,RadarChart,themed,4,8.387974,8,-0.963043
p2017-11-18.18-50-54,0,BarChart,themed,0,60.21514,60,-1.5557939
p2017-11-18.18-50-54,0,BarChart,themed,1,77.832115,79,0.37059376
p2017-11-18.18-50-54,0,BarChart,themed,2,79.77865,80,-1.5296906
p2017-11-18.18-50-54,0,BarChart,themed,3,81.22182,81,-1.5277534
p2017-11-18.18-50-54,0,BarChart,themed,4,88.3244,89,-0.32084984
p2017-11-18.19-50-32,1,BarChart,themed,0,15.04257,15,-2.5771632
p2017-11-18.19-50-32,1,BarChart,themed,1,54.05358,40,3.8256412
p2017-11-18.19-50-32,1,BarChart,themed,2,82.22877,60,4.482446
p2017-11-18.19-50-32,1,BarChart,themed,3,88.2934,80,3.0735466
p2017-11-18.19-50-32,1,BarChart,themed,4,91.70853,95,1.7725079
p2017-11-18.19-53-53,1,BarChart,themed,0,45.74995,60,3.845495
p2017-11-18.19-53-53,1,BarChart,themed,1,73.889824,65,3.1722994
p2017-11-18.19-53-53,1,BarChart,themed,2,83.18459,70,3.7343946
p2017-11-18.19-53-53,1,BarChart,themed,3,89.11902,75,3.8322842
p2017-11-18.19-53-53,1,BarChart,themed,4,92.951126,80,3.7088633
p2017-11-19.14-42-59,0,BarChart,themed,0,62.57127,62,-0.5222812
p2017-11-19.14-42-59,0,BarChart,themed,1,83.83706,82,0.9723684
p2017-11-19.14-42-59,0,BarChart,themed,2,88.36049,85,1.8013611
p2017-11-19.14-42-59,0,BarChart,themed,3,93.25012,89,2.1293232
p2017-11-19.14-42-59,0,BarChart,themed,4,94.5512,90,2.2253368
p2017-11-19.19-43-30,0,BarChart,themed,0,85.89242,88,1.1587132
p2017-11-19.19-43-30,0,BarChart,themed,1,89.961914,92,1.113091
p2017-11-19.19-43-30,0,BarChart,themed,2,93.37326,93,-1.0050279
p2017-11-19.19-43-30,0,BarChart,themed,3,94.42723,94,-0.8566567
p2017-11-19.19-43-30,0,BarChart,themed,4,94.716095,94,-0.24965939
p2017-11-19.20-23-28,0,BarChart,themed,0,60.833298,60,-0.061454147
p2017-11-19.20-23-28,0,BarChart,themed,1,65.027794,65,-2.7103412
p2017-11-19.20-23-28,0,BarChart,themed,2,71.599785,70,0.78641635
p2017-11-19.20-23-28,0,BarChart,themed,3,76.66588,75,0.84066725
p2017-11-19.20-23-28,0,BarChart,themed,4,87.37497,90,1.4594477
p2017-11-19.21-54-27,2,BarChart,themed,0,19.399263,20,-0.46248204
p2017-11-19.21-54-27,2,BarChart,themed,1,86.81513,85,0.95615494
p2017-11-19.21-54-27,2,BarChart,themed,2,88.8053,85,1.9746386
p2017-11-19.21-54-27,2,BarChart,themed,3,92.73416,97,2.1344965
p2017-11-19.21-54-27,2,BarChart,themed,4,94.312965,90,2.1498983
p2017-11-19.22-17-9,0,BarChart,themed,0,57.309795,50,2.8942928
p2017-11-19.22-17-9,0,BarChart,themed,1,74.24481,65,3.2280202
p2017-11-19.22-17-9,0,BarChart,themed,2,80.96778,80,0.1280044
p2017-11-19.22-17-9,0,BarChart,themed,3,84.09346,80,2.0767164
p2017-11-19.22-17-9,0,BarChart,themed,4,91.80525,80,3.5765526
p2017-11-19.22-2-33,0,BarChart,themed,0,39.114723,40,0.014750615
p2017-11-19.22-2-33,0,BarChart,themed,1,81.03279,60,4.403117
p2017-11-19.22-2-33,0,BarChart,themed,2,88.40584,70,4.2118564
p2017-11-19.22-2-33,0,BarChart,themed,3,90.70407,80,3.4368377
p2017-11-19.22-2-33,0,BarChart,themed,4,93.64086,85,3.131896
p2017-11-20.16-4-1,2,BarChart,themed,0,25.011965,25,-2.868123
p2017-11-20.16-4-1,2,BarChart,themed,1,54.548203,55,-0.79386324
p2017-11-20.16-4-1,2,BarChart,themed,2,73.784515,75,0.42275468
p2017-11-20.16-4-1,2,BarChart,themed,3,88.97536,90,0.20118587
p2017-11-20.16-4-1,2,BarChart,themed,4,91.90596,93,0.28574538